,pitch_type,count,Executed
1,3,0,0
3,1,7,1
4,1,6,1
5,3,3,0
6,3,0,0
8,3,3,1
9,4,0,0
10,3,5,1
11,1,2,0
12,3,1,1
13,3,0,1
14,2,10,0
15,2,9,1
16,4,6,1
17,3,3,0
18,3,0,0
20,4,0,1
22,3,11,0
23,3,10,1
24,2,9,1
25,4,6,0
26,4,3,0
27,4,0,0
28,1,5,0
29,4,4,1
30,4,1,1
31,4,0,1
33,4,4,1
34,1,1,0
35,4,0,1
36,3,5,1
37,3,4,1
38,3,3,1
39,3,0,0
41,3,5,0
42,3,2,1
43,3,2,0
45,4,0,1
46,3,2,1
47,3,1,1
48,1,0,1
49,1,5,0
50,3,4,0
51,3,1,1
52,4,0,0
53,1,5,0
55,3,3,1
56,3,0,0
57,1,11,1
58,3,8,1
59,3,7,1
60,4,6,0
61,3,3,0
62,3,0,0
64,3,5,1
65,3,2,1
66,1,1,0
67,1,0,1
69,3,8,1
70,3,5,1
71,1,4,0
72,4,1,0
73,3,0,0
75,1,5,0
76,3,4,1
78,3,0,0
81,1,6,1
82,1,3,0
83,4,0,0
85,1,0,0
86,3,5,0
87,3,2,1
89,3,0,1
91,4,0,1
93,1,1,0
94,3,0,1
95,1,11,1
96,4,10,1
97,4,7,0
98,4,4,1
100,1,0,0
101,1,2,0
103,4,0,0
104,3,5,1
105,4,4,1
106,3,1,0
107,1,0,1
108,1,8,0
111,1,4,0
112,1,1,0
113,3,0,1
115,1,0,1
116,3,5,0
120,3,1,1
121,1,0,1
122,1,5,0
124,1,1,0
125,4,0,0
126,1,8,0
128,3,4,1
129,1,1,0
130,1,0,1
131,1,11,1
132,3,8,1
133,3,5,1
135,2,1,0
136,2,0,1
138,4,0,1
140,1,0,0
141,3,11,0
142,3,8,1
143,3,5,1
144,1,4,0
145,1,1,0
146,2,0,0
148,1,8,0
149,1,7,0
150,1,4,0
151,1,1,0
152,3,0,0
154,2,0,1
157,3,0,0
158,3,5,1
159,3,2,1
160,3,1,1
161,3,0,1
163,1,8,0
164,3,7,1
165,1,6,1
166,1,3,0
167,1,0,0
169,4,9,0
170,2,6,0
171,3,3,0
172,1,0,0
175,1,2,0
176,1,1,0
177,3,0,1
178,3,5,0
180,3,1,0
181,4,0,1
183,4,0,0
184,1,5,0
185,1,2,0
187,3,0,1
189,4,3,1
190,4,0,0
191,3,5,0
192,1,4,0
193,1,1,0
194,4,0,1
196,2,0,0
197,1,5,0
198,1,2,0
199,1,1,0
202,1,10,1
203,1,9,1
204,2,6,0
205,1,3,0
206,2,0,0
208,1,8,0
209,3,7,0
210,4,6,1
211,3,3,0
212,3,0,0
214,1,4,0
215,1,1,0
216,4,0,1
218,1,5,0
219,1,2,0
221,3,0,1
223,4,3,0
224,4,0,0
228,4,8,1
231,1,5,0
232,1,2,0
233,4,1,1
237,3,0,0
240,1,0,1
241,1,8,0
243,3,4,1
244,3,1,1
245,3,0,1
248,2,6,1
249,4,3,0
250,2,0,0
251,3,2,0
253,4,0,0
254,3,2,1
255,3,1,1
256,3,0,1
259,4,1,1
260,4,0,0
262,3,1,1
263,3,0,1
264,1,8,0
266,4,8,1
267,3,5,0
269,3,5,1
270,1,2,0
271,3,1,0
272,4,0,1
273,3,5,1
274,4,2,1
275,3,2,1
276,3,1,1
277,3,0,1
279,1,7,0
280,2,6,1
281,4,3,0
282,4,0,0
284,4,4,1
285,4,3,0
286,1,0,0
289,3,0,1
290,1,9,0
291,1,6,1
292,3,3,0
293,3,0,0
294,3,8,1
295,1,8,0
296,1,5,0
297,1,5,0
298,3,4,0
299,1,1,0
300,1,0,1
302,4,9,1
303,4,6,0
304,3,3,0
305,4,0,0
306,4,11,0
307,3,8,1
308,3,5,1
309,4,2,1
310,3,1,1
311,3,0,0
313,3,3,0
314,1,0,0
316,4,4,1
317,3,1,1
318,4,0,1
320,3,0,1
322,1,1,0
323,4,0,1
325,4,10,1
326,4,7,0
327,3,4,0
328,4,3,1
329,4,0,0
331,2,3,1
332,2,0,0
333,3,11,0
334,1,10,0
336,1,6,0
337,3,3,0
338,1,0,0
339,1,11,1
340,3,8,1
341,3,7,1
342,2,6,1
343,1,3,0
344,1,0,0
345,3,8,1
346,1,5,0
348,1,1,0
349,3,0,1
351,1,7,1
352,3,4,1
353,4,1,1
354,3,0,1
356,1,10,0
357,4,7,0
358,3,4,1
359,4,3,0
360,2,0,0
363,4,2,1
365,1,0,1
367,3,0,0
368,1,11,1
369,4,10,1
370,1,7,0
371,1,4,0
372,1,1,0
373,3,0,1
374,3,5,1
375,4,2,1
376,4,1,1
377,1,0,1
379,4,5,1
380,4,2,1
381,3,1,0
384,4,0,1
385,3,8,1
386,1,5,0
388,3,4,0
389,3,3,1
390,1,0,0
391,4,10,0
392,1,7,0
393,1,4,0
394,1,3,1
395,1,0,0
398,3,1,1
399,2,0,0
401,1,11,1
403,1,11,1
405,3,11,1
406,1,8,0
407,3,8,0
408,1,5,0
409,1,2,0
410,1,1,0
411,3,0,0
412,3,8,1
413,1,7,1
414,1,4,0
416,3,0,0
417,3,5,0
418,1,4,0
419,4,3,0
420,4,0,0
421,3,8,0
422,1,5,0
423,1,2,0
425,3,0,1
426,1,11,0
428,3,8,0
429,3,5,1
431,1,1,0
432,1,0,1
434,3,0,1
436,3,5,1
438,1,5,0
442,1,4,0
443,1,3,1
444,3,0,0
445,3,8,1
446,2,7,1
447,2,6,1
448,2,3,1
449,3,0,0
451,3,3,0
452,3,0,0
454,3,1,1
455,4,0,1
456,3,11,0
457,3,8,0
458,1,8,0
460,3,8,1
461,4,5,1
462,3,2,1
463,3,1,1
464,4,0,1
467,3,5,1
468,1,5,0
469,1,4,0
470,3,1,0
471,4,0,1
472,3,5,1
474,3,4,1
475,3,1,1
477,1,5,0
478,3,4,1
479,1,1,0
480,1,0,1
481,3,11,0
482,1,8,0
483,1,5,0
484,3,4,1
485,3,3,1
486,3,0,0
488,3,3,0
489,1,0,0
490,1,11,0
491,1,8,0
492,1,5,0
493,1,4,0
494,3,1,0
495,4,0,1
497,3,1,0
498,2,0,1
501,1,0,1
503,2,10,1
504,2,9,1
505,4,6,0
506,1,3,0
507,4,0,0
509,1,1,0
511,1,8,0
512,3,5,0
513,4,5,1
515,1,3,1
516,1,0,0
518,2,1,0
519,3,0,1
520,1,11,1
521,1,10,1
522,1,7,0
523,2,4,0
524,3,1,1
525,3,0,1
526,1,5,0
527,1,4,0
528,3,3,0
529,3,0,0
530,2,9,0
531,4,6,0
532,1,3,0
533,1,0,0
534,3,2,1
535,1,1,0
536,4,0,1
537,3,8,1
539,1,4,0
540,3,3,1
541,4,0,0
543,1,1,0
545,3,5,1
547,1,1,0
548,3,0,0
550,4,5,1
552,3,2,1
553,4,1,1
554,3,0,0
555,2,11,0
556,1,11,1
557,3,11,1
558,2,10,1
559,3,7,0
560,3,4,1
561,4,3,1
562,3,0,0
563,3,8,1
564,1,5,0
565,1,2,0
566,1,1,0
567,4,0,1
568,3,5,1
569,1,2,0
570,1,2,0
571,1,1,0
572,3,0,1
574,1,2,0
575,4,2,1
576,4,1,1
577,4,0,0
580,4,4,0
581,3,3,1
582,3,0,1
583,3,5,0
584,1,5,0
588,1,1,0
589,4,0,1
590,1,5,0
591,1,2,0
592,3,1,1
593,3,0,1
594,4,11,1
595,1,8,0
596,2,7,1
597,1,4,0
598,4,3,1
599,1,0,0
601,2,3,0
602,2,0,0
606,1,4,0
607,1,3,1
608,1,0,0
610,1,5,0
611,1,4,0
612,1,1,0
615,1,0,1
616,3,3,0
617,4,0,0
619,1,1,0
620,3,0,1
623,1,5,0
624,2,4,0
625,2,1,0
626,2,0,1
627,1,11,1
628,1,8,0
629,3,7,1
630,3,4,1
631,3,1,1
632,3,0,0
634,3,8,0
635,3,5,1
637,3,3,1
638,3,0,0
643,1,8,0
644,1,5,0
646,3,4,1
647,1,1,0
648,4,0,1
649,3,11,1
650,1,8,0
652,1,8,0
653,1,5,0
654,3,5,1
655,3,2,1
656,3,1,1
657,2,0,1
658,3,11,0
659,3,8,1
660,1,8,0
661,1,7,1
662,4,6,1
663,3,3,0
664,2,0,0
666,2,1,0
667,3,0,0
668,3,8,0
669,3,5,1
670,3,4,0
671,2,3,1
672,2,0,0
675,3,0,0
676,1,5,0
678,1,4,0
679,3,3,1
680,1,0,0
681,3,8,0
682,1,5,0
683,1,4,0
684,1,1,0
685,4,0,1
686,1,11,0
687,2,10,1
688,4,7,0
689,1,4,0
690,1,1,0
691,2,0,1
693,1,1,0
694,4,0,0
696,2,3,1
697,3,0,0
699,3,2,1
700,3,1,1
701,4,0,0
704,2,5,0
706,3,5,1
708,1,2,0
709,3,2,1
710,3,2,1
713,3,1,1
714,3,0,1
716,3,4,1
717,1,1,0
718,3,0,0
720,3,0,0
721,3,5,1
723,1,1,0
725,3,11,0
728,1,10,1
729,1,9,1
730,3,6,1
731,1,3,0
732,1,0,0
735,3,0,1
737,2,4,0
738,2,3,0
739,3,0,0
741,1,9,0
742,2,6,0
743,2,3,0
744,3,0,1
745,3,2,1
746,3,1,0
747,1,0,0
750,1,0,0
753,1,3,0
754,1,0,0
756,4,0,0
758,3,8,1
761,1,5,0
762,1,4,0
763,1,1,0
764,1,0,1
766,1,9,1
767,1,6,0
768,1,3,0
769,2,0,0
772,3,2,1
773,3,1,1
774,2,0,0
776,1,1,0
778,1,11,1
779,1,8,0
780,3,5,1
782,1,3,1
783,2,0,0
784,3,8,1
787,1,3,0
788,4,0,0
789,3,8,1
791,1,5,0
792,1,2,0
793,1,1,0
796,1,5,0
797,2,4,0
798,1,1,0
800,3,5,1
801,3,2,1
802,1,1,0
803,4,0,1
804,1,8,0
805,1,7,0
806,1,4,0
807,1,1,0
808,3,0,0
810,3,0,1
812,3,3,0
813,3,0,0
814,1,11,1
816,1,8,0
818,1,7,1
819,1,4,0
820,4,3,1
821,4,0,0
822,1,5,0
825,1,4,0
826,1,3,1
827,1,0,1
829,4,0,0
830,1,11,1
831,1,10,1
832,1,7,0
833,4,6,1
834,4,3,0
835,3,0,0
837,2,1,0
840,3,3,0
841,3,0,0
842,3,0,1
843,2,7,0
845,3,3,0
846,2,0,0
847,3,2,1
849,4,1,1
850,3,0,1
852,1,5,0
854,1,4,0
855,1,3,0
856,1,0,0
858,1,5,0
859,1,4,0
860,1,1,0
861,2,0,1
863,4,0,1
865,3,4,1
866,2,3,1
867,2,0,0
868,1,2,0
870,1,1,0
871,1,0,1
872,3,11,0
873,1,8,0
874,1,7,0
875,1,4,0
876,1,1,0
877,3,0,1
879,1,2,0
880,3,1,1
882,1,2,0
883,1,1,0
884,4,0,1
886,1,3,1
887,1,0,0
889,3,0,0
890,3,2,1
891,4,1,1
892,4,0,1
894,3,5,1
895,3,4,1
896,3,1,1
897,2,0,1
898,3,2,0
899,2,1,0
900,2,0,1
902,1,2,0
903,4,1,1
904,4,0,1
907,2,3,0
908,2,0,0
911,1,8,0
912,1,5,0
913,1,4,0
914,1,1,0
915,2,0,1
916,1,8,0
917,3,5,1
918,1,2,0
919,1,1,0
920,1,0,1
923,3,4,1
924,1,3,1
925,3,0,0
926,1,8,0
927,4,7,1
928,1,4,0
929,1,1,0
930,2,0,0
931,3,0,0
933,4,0,0
934,1,8,0
935,1,5,0
936,4,2,1
938,1,1,0
939,2,0,1
941,4,0,1
943,1,7,0
944,4,6,1
945,4,3,0
946,2,0,0
950,1,5,0
952,3,2,1
953,3,1,1
954,1,0,1
955,1,5,0
957,3,1,1
958,4,0,1
959,3,5,1
960,3,2,1
961,4,1,1
962,2,0,1
963,1,2,0
964,4,1,1
965,4,0,0
968,3,0,1
969,4,11,0
970,1,8,0
973,1,4,0
974,4,3,1
975,3,0,0
976,3,11,0
977,3,8,1
978,3,7,0
979,1,4,0
980,1,1,0
981,2,0,1
983,4,0,0
985,3,4,1
986,3,1,1
987,3,0,1
990,1,11,0
992,1,11,0
994,1,10,0
995,2,7,0
996,2,4,0
997,1,3,1
998,1,0,0
999,3,8,1
1000,3,7,1
1001,3,6,1
1002,3,3,0
1003,3,0,0
1005,3,7,0
1007,2,3,0
1008,1,0,0
1009,3,10,0
1010,1,7,0
1011,1,4,0
1012,1,1,0
1013,3,0,1
1015,3,0,0
1017,3,5,1
1019,3,1,1
1020,4,0,0
1022,1,2,0
1024,3,0,1
1026,1,1,0
1027,4,0,1
1028,1,8,0
1029,1,5,0
1030,3,2,1
1032,3,0,1
1033,1,5,0
1034,1,2,0
1035,1,1,0
1036,3,0,0
1037,1,8,0
1040,1,7,1
1041,1,4,0
1043,4,0,0
1047,1,4,0
1048,3,3,0
1049,2,0,0
1050,1,8,0
1051,3,5,0
1052,1,5,0
1053,3,2,1
1055,3,1,1
1056,3,0,1
1057,1,11,1
1058,4,10,0
1059,3,7,0
1060,4,6,1
1061,3,3,0
1062,3,0,0
1063,1,5,0
1064,3,4,1
1065,3,1,1
1066,2,0,1
1068,3,0,1
1070,4,0,0
1071,3,5,1
1073,2,3,0
1074,3,0,0
1075,1,5,0
1076,1,2,0
1079,3,1,1
1080,4,0,1
1082,1,5,0
1084,3,1,0
1085,4,0,1
1086,1,5,0
1087,3,4,0
1088,1,1,0
1089,1,0,0
1091,3,5,1
1092,1,4,0
1093,1,3,1
1094,3,0,0
1097,3,3,1
1098,3,0,0
1100,3,1,1
1101,2,0,0
1102,3,5,1
1103,1,5,0
1104,1,2,0
1106,2,0,1
1108,1,3,0
1109,4,0,0
1112,2,7,0
1113,2,4,0
1114,3,1,0
1115,3,0,0
1116,3,5,1
1118,1,3,1
1119,3,0,1
1121,3,8,1
1122,1,7,1
1123,1,4,0
1124,1,1,0
1125,3,0,1
1126,1,8,0
1127,1,7,1
1128,1,4,0
1129,3,3,1
1130,3,0,0
1131,3,5,0
1132,1,2,0
1133,1,1,0
1134,2,0,1
1135,3,11,0
1136,1,8,0
1137,3,7,1
1138,3,4,1
1139,3,1,1
1141,1,5,0
1142,1,4,0
1143,1,1,0
1144,3,0,1
1147,1,1,0
1148,1,0,1
1150,1,5,0
1152,3,2,1
1153,3,1,0
1154,2,0,0
1157,3,4,0
1158,1,3,1
1159,1,0,0
1161,3,0,0
1162,3,5,1
1163,1,5,0
1164,1,2,0
1165,1,1,0
1166,2,0,1
1168,3,5,1
1169,2,4,0
1170,2,1,0
1171,3,0,1
1173,1,4,0
1174,1,1,0
1175,2,0,1
1177,3,3,0
1178,3,0,0
1180,3,11,0
1181,3,8,1
1182,3,5,1
1183,1,5,0
1184,1,4,0
1185,1,1,0
1186,3,0,1
1188,2,3,1
1189,4,0,0
1190,3,2,1
1192,3,1,1
1193,4,0,1
1194,3,5,1
1196,1,1,0
1197,4,0,1
1199,3,1,1
1200,2,0,1
1202,1,1,0
1204,3,8,0
1205,3,5,0
1206,1,4,0
1207,2,3,1
1208,2,0,0
1210,4,0,1
1211,1,2,0
1212,3,1,0
1213,3,0,1
1214,3,2,0
1216,3,0,1
1217,3,2,1
1219,4,0,1
1222,3,2,1
1223,3,1,1
1224,4,0,0
1226,2,7,0
1227,3,4,1
1228,3,1,1
1229,1,0,1
1230,1,8,0
1231,1,7,1
1232,4,6,0
1233,2,3,0
1234,2,0,0
1235,1,5,0
1236,3,2,1
1237,1,1,0
1238,2,0,1
1240,3,11,1
1241,4,10,1
1242,4,7,0
1243,3,4,1
1244,1,3,0
1245,2,0,0
1247,3,1,1
1248,3,0,1
1250,4,0,0
1252,3,1,0
1253,2,0,1
1255,4,1,1
1256,3,0,1
1257,1,5,0
1258,2,4,0
1259,2,1,0
1260,4,0,1
1262,1,1,0
1263,3,0,1
1265,4,0,0
1266,1,8,0
1267,3,5,0
1268,3,4,0
1269,1,1,0
1271,3,8,1
1272,1,5,0
1273,1,5,0
1274,3,4,1
1275,1,1,0
1276,4,0,0
1278,1,3,1
1279,1,0,0
1281,3,8,1
1282,1,5,0
1283,4,4,1
1284,1,1,0
1285,4,0,1
1287,3,11,1
1288,1,8,0
1289,1,5,0
1291,3,4,1
1292,1,1,0
1293,4,0,1
1295,2,1,0
1296,2,0,1
1298,4,0,0
1299,3,5,1
1300,4,2,1
1302,2,0,1
1303,1,5,0
1304,1,4,0
1305,1,1,0
1308,4,6,1
1309,3,3,0
1310,3,0,1
1311,1,5,0
1313,3,5,1
1314,2,5,0
1315,1,2,0
1316,1,1,0
1317,3,0,1
1319,3,11,0
1320,4,10,1
1321,1,7,0
1322,2,6,1
1323,3,3,0
1324,4,0,0
1326,3,3,0
1327,3,0,0
1329,2,1,0
1330,4,0,1
1332,1,7,0
1333,2,4,0
1334,2,1,0
1335,3,0,1
1337,1,7,0
1338,4,6,1
1339,3,3,1
1340,3,0,0
1342,3,4,1
1343,1,1,0
1345,1,8,0
1347,1,7,1
1348,4,6,1
1349,1,3,0
1350,3,0,0
1351,3,11,0
1354,3,11,1
1355,3,8,1
1356,3,7,0
1357,1,4,0
1358,1,1,0
1359,2,0,1
1360,2,2,0
1361,1,1,0
1362,3,0,1
1364,1,11,1
1365,1,8,0
1366,3,5,1
1367,3,2,1
1370,3,5,1
1371,1,4,0
1372,1,1,0
1373,1,0,1
1375,2,3,1
1376,2,0,0
1378,3,2,1
1379,3,1,1
1380,1,0,1
1381,3,2,1
1382,3,1,0
1383,4,0,1
1386,3,0,0
1390,4,6,1
1391,3,3,0
1392,3,0,0
1395,3,2,1
1397,4,0,1
1398,3,8,1
1399,4,5,1
1400,3,5,1
1401,3,4,0
1402,3,3,0
1403,4,0,0
1404,3,2,1
1405,1,1,0
1406,3,0,1
1407,3,5,1
1408,3,4,1
1409,2,3,1
1410,2,0,1
1412,3,4,1
1413,3,1,1
1414,3,0,1
1416,3,5,1
1418,1,1,0
1419,1,0,1
1421,1,2,0
1423,3,0,1
1425,2,3,1
1426,2,0,0
1428,3,5,1
1429,1,4,0
1430,1,1,0
1435,1,2,0
1437,1,1,0
1438,4,0,1
1440,2,4,0
1442,3,0,0
1443,3,11,0
1444,1,8,0
1445,3,5,1
1446,3,4,0
1447,1,1,0
1448,3,0,1
1449,1,5,0
1451,2,3,1
1452,2,0,1
1454,1,11,0
1455,3,11,0
1456,1,8,0
1457,1,8,0
1458,1,5,0
1460,4,3,1
1461,1,0,0
1462,1,11,0
1463,4,11,0
1464,3,8,1
1465,1,5,0
1467,1,1,0
1468,2,0,1
1471,3,7,1
1472,1,4,0
1473,1,1,0
1474,4,0,1
1476,3,7,0
1477,1,4,0
1479,1,0,0
1481,2,0,0
1482,1,8,0
1483,1,5,0
1484,3,4,0
1485,3,1,1
1486,4,0,1
1488,2,0,1
1493,3,3,0
1494,4,0,0
1496,1,5,0
1497,3,2,1
1498,1,1,0
1500,3,11,0
1501,3,8,1
1502,2,7,0
1503,1,4,0
1505,2,0,0
1506,1,9,0
1507,1,6,0
1508,3,3,0
1509,3,0,0
1510,1,5,0
1512,3,3,0
1513,1,0,0
1515,1,3,1
1516,3,0,0
1518,3,0,1
1520,1,0,0
1521,3,11,1
1522,1,10,1
1523,4,7,1
1524,2,4,0
1526,3,0,0
1527,1,5,0
1528,3,2,1
1529,1,1,0
1530,3,0,1
1531,3,5,1
1534,3,4,1
1535,1,1,0
1536,3,0,1
1538,2,4,0
1540,2,0,0
1541,3,11,1
1543,4,10,0
1544,1,7,0
1545,1,4,0
1546,1,3,1
1547,1,0,0
1549,3,2,1
1551,3,1,1
1552,3,0,1
1554,1,3,1
1555,3,0,0
1557,1,11,0
1558,3,11,1
1560,2,7,1
1561,3,4,1
1562,1,1,0
1563,2,0,1
1564,1,8,0
1565,3,7,0
1566,3,4,0
1567,3,3,0
1568,3,0,1
1569,3,2,1
1570,3,1,1
1571,3,0,0
1573,3,3,0
1574,1,0,0
1576,1,7,1
1577,1,4,0
1578,2,3,1
1579,4,0,1
1580,1,2,0
1581,3,1,1
1582,1,0,1
1583,1,9,1
1584,3,6,0
1585,3,3,0
1586,3,0,0
1588,3,5,1
1589,3,4,0
1590,1,3,1
1591,3,0,0
1592,3,2,1
1594,1,0,1
1595,2,11,0
1596,3,8,0
1597,3,8,0
1598,2,7,0
1599,2,4,0
1600,3,1,0
1601,4,0,1
1602,3,5,1
1603,1,2,0
1604,1,1,0
1606,3,5,1
1607,3,4,0
1608,2,3,1
1609,4,0,0
1610,3,5,1
1611,3,2,1
1612,3,1,1
1613,3,0,0
1614,1,5,0
1615,1,2,0
1616,1,1,0
1617,3,0,1
1619,2,4,0
1620,4,3,0
1621,2,0,0
1623,2,0,0
1624,1,2,0
1625,2,1,0
1626,2,0,0
1627,1,2,0
1628,4,1,0
1629,3,0,1
1630,4,11,1
1632,1,8,0
1633,1,5,0
1634,1,2,0
1636,2,0,1
1637,1,5,0
1638,3,2,1
1640,3,1,1
1641,2,0,0
1642,3,2,1
1643,1,1,0
1646,3,3,0
1647,3,0,0
1649,1,1,0
1650,3,0,1
1653,4,0,0
1654,1,8,0
1655,1,5,0
1656,1,2,0
1657,3,2,1
1659,4,0,1
1661,3,8,1
1662,3,5,1
1663,1,2,0
1665,3,1,1
1666,3,0,1
1667,3,11,0
1668,4,11,1
1669,1,8,0
1670,1,5,0
1671,3,4,1
1672,4,3,1
1673,2,0,0
1674,3,5,1
1676,2,1,0
1677,4,0,0
1680,1,3,0
1681,2,0,0
1682,1,8,0
1683,3,5,1
1684,3,4,0
1685,1,1,0
1686,3,0,1
1687,1,8,0
1688,1,5,0
1689,3,4,1
1691,1,0,0
1692,3,2,1
1694,3,1,1
1695,4,0,1
1696,4,11,0
1697,1,8,0
1700,3,4,1
1701,1,1,0
1702,2,0,1
1703,3,11,1
1704,1,8,0
1705,1,5,0
1706,1,4,0
1707,3,3,1
1708,3,0,0
1709,2,8,0
1710,2,7,0
1711,2,4,0
1712,1,3,1
1713,1,0,0
1714,1,5,0
1715,1,2,0
1716,1,1,0
1717,2,0,1
1718,1,8,0
1719,1,7,1
1720,1,4,0
1721,1,3,1
1722,3,0,0
1723,2,0,1
1726,3,4,1
1727,3,3,1
1728,3,0,0
1729,1,2,0
1730,1,1,0
1731,2,0,1
1732,3,2,1
1733,3,1,1
1734,2,0,1
1735,1,2,0
1737,3,0,1
1740,3,5,1
1741,1,4,0
1742,3,1,1
1745,3,3,1
1746,3,0,0
1749,1,0,0
1752,2,0,1
1753,1,5,0
1754,1,2,0
1756,4,0,1
1757,1,5,0
1759,3,4,0
1760,4,3,1
1761,4,0,0
1764,1,6,1
1765,2,3,0
1766,3,0,0
1767,3,2,1
1768,3,1,1
1769,3,0,1
1770,1,5,0
1771,1,2,0
1772,3,1,1
1773,2,0,1
1776,1,8,0
1778,3,5,0
1779,1,4,0
1780,1,1,0
1781,1,0,1
1782,3,0,0
1783,1,2,0
1784,3,1,1
1785,1,0,1
1786,1,11,1
1787,1,11,0
1790,4,10,1
1791,3,7,0
1792,1,4,0
1793,1,1,0
1794,3,0,1
1795,3,5,0
1796,1,2,0
1798,3,1,1
1799,4,0,1
1800,3,1,1
1801,4,0,1
1803,3,3,0
1804,1,0,0
1806,4,0,1
1808,3,4,1
1809,3,3,1
1810,3,0,1
1812,3,3,1
1813,3,0,0
1814,1,5,0
1815,3,4,1
1816,2,3,1
1817,4,0,0
1818,3,5,1
1819,3,2,1
1820,1,1,0
1821,2,0,1
1822,3,8,1
1823,3,5,1
1824,1,2,0
1825,4,1,1
1828,3,8,0
1829,4,7,1
1831,4,3,0
1832,3,0,1
1835,3,2,1
1836,1,1,0
1837,2,0,1
1838,3,5,1
1839,3,2,1
1841,2,0,1
1842,1,8,0
1843,3,7,0
1844,4,6,0
1845,2,3,0
1846,2,0,1
1847,1,2,0
1848,3,1,1
1849,3,0,1
1850,3,5,0
1851,1,4,0
1852,3,3,1
1853,3,0,0
1854,3,1,1
1855,2,0,1
1857,1,1,0
1858,1,0,1
1859,4,7,0
1860,3,4,1
1861,3,1,1
1862,3,0,1
1864,3,2,1
1865,1,1,0
1866,4,0,1
1867,3,11,0
1868,3,11,1
1870,1,11,1
1872,2,10,1
1873,1,9,1
1874,4,6,0
1875,1,3,0
1876,2,0,0
1878,2,5,0
1879,3,4,0
1880,4,3,1
1881,3,0,0
1885,1,1,0
1886,3,0,0
1887,1,5,0
1890,3,1,1
1891,3,0,1
1892,3,5,1
1893,1,2,0
1895,2,0,0
1898,4,0,1
1900,1,4,0
1901,4,3,0
1902,2,0,0
1903,3,8,1
1904,3,5,1
1905,1,4,0
1906,3,1,1
1907,4,0,1
1908,2,11,0
1912,1,8,0
1913,1,5,0
1914,3,4,1
1915,1,3,1
1916,3,0,0
1918,1,4,0
1920,2,0,1
1921,1,5,0
1922,3,5,1
1923,4,4,0
1924,3,1,1
1925,2,0,1
1926,1,2,0
1927,4,1,1
1928,1,0,1
1930,1,4,0
1932,3,0,0
1935,4,0,0
1937,3,0,0
1938,1,8,0
1939,3,8,1
1941,1,8,0
1943,3,6,1
1944,4,3,1
1945,3,0,0
1946,1,8,0
1947,4,7,0
1948,3,4,1
1949,3,3,1
1950,4,0,0
1951,3,8,0
1952,1,5,0
1955,1,1,0
1956,3,0,0
1957,3,11,0
1959,3,8,0
1960,3,5,0
1961,1,2,0
1963,1,0,1
1965,1,3,1
1966,3,0,0
1967,1,11,1
1968,3,8,1
1969,3,7,0
1970,1,4,0
1971,3,1,0
1972,4,0,1
1974,1,4,0
1975,4,3,1
1976,3,0,0
1980,3,0,1
1982,1,1,0
1983,3,0,1
1984,4,10,0
1985,3,7,0
1986,1,4,0
1987,4,3,1
1988,3,0,0
1990,1,11,1
1991,3,11,0
1992,3,8,0
1994,3,7,1
1995,3,6,1
1996,1,3,0
1997,1,0,0
1999,3,1,1
2000,3,0,0
2001,1,2,0
2002,3,1,1
2003,3,0,1
2006,3,8,0
2007,3,5,1
2009,1,2,0
2010,3,1,0
2011,4,0,1
2012,3,11,0
2013,2,10,1
2014,1,9,1
2015,2,6,0
2016,4,3,0
2017,4,0,0
2019,2,0,1
2020,3,2,1
2021,3,1,1
2024,1,2,0
2025,3,1,1
2026,4,0,1
2028,3,5,0
2029,1,5,0
2030,1,4,0
2031,1,1,0
2032,1,0,1
2034,3,4,0
2035,3,1,1
2036,1,0,1
2037,3,8,1
2038,3,5,1
2039,1,4,0
2040,1,1,0
2041,3,0,1
2044,3,1,1
2045,3,0,0
2046,1,8,0
2047,1,7,1
2048,3,4,0
2049,3,3,1
2050,3,0,0
2052,3,2,1
2053,3,1,0
2054,4,0,1
2056,3,1,1
2057,3,0,1
2058,3,2,1
2059,3,1,1
2063,3,0,1
2064,1,2,0
2065,3,1,0
2066,3,0,1
2067,3,11,1
2068,4,10,1
2069,1,7,0
2070,3,4,1
2071,2,3,1
2072,2,0,0
2074,3,0,1
2075,3,11,1
2076,1,8,0
2079,3,7,1
2080,1,4,0
2081,1,1,0
2082,2,0,0
2085,3,1,0
2086,3,0,1
2087,2,2,0
2088,3,1,0
2089,4,0,1
2090,3,5,0
2091,3,5,0
2092,2,4,0
2094,3,0,0
2096,4,3,1
2097,4,0,0
2098,3,2,1
2099,3,1,1
2100,3,0,0
2102,1,8,0
2105,3,8,1
2106,1,5,0
2108,1,2,0
2109,2,1,0
2110,2,0,1
2111,3,2,1
2112,3,1,0
2113,4,0,1
2114,4,10,0
2115,2,9,1
2116,4,6,0
2117,1,3,0
2118,3,0,0
2122,3,8,1
2124,1,5,0
2125,1,4,0
2127,3,0,0
2128,1,8,0
2129,1,5,0
2131,3,4,1
2132,4,3,1
2133,2,0,0
2135,1,8,0
2136,1,5,0
2138,3,2,1
2139,3,1,1
2140,3,0,0
2143,1,8,0
2144,1,5,0
2146,1,1,0
2147,2,0,1
2148,3,2,1
2149,3,1,1
2152,3,4,0
2153,3,1,1
2154,1,0,1
2155,1,8,0
2157,4,7,1
2158,3,4,1
2159,3,3,1
2160,4,0,0
2162,3,1,0
2163,1,0,1
2165,3,0,1
2167,3,3,0
2168,1,0,0
2170,3,2,1
2171,3,2,1
2172,1,1,0
2173,2,0,1
2175,4,0,0
2176,3,5,0
2177,1,5,0
2178,3,2,1
2179,3,1,1
2180,3,0,0
2182,1,0,1
2183,1,11,1
2184,3,8,1
2185,3,5,1
2186,3,4,1
2187,1,3,1
2188,3,0,1
2192,1,1,0
2193,3,0,1
2194,3,11,1
2195,3,8,1
2196,1,8,0
2197,1,5,0
2198,3,4,1
2199,2,3,1
2200,3,0,0
2202,3,0,1
2204,1,0,0
2208,3,0,1
2210,1,4,0
2211,1,1,0
2212,2,0,1
2213,3,8,0
2214,3,5,1
2215,3,4,0
2216,3,1,1
2217,4,0,1
2220,4,6,0
2221,3,3,0
2222,3,0,0
2223,1,5,0
2224,3,2,1
2226,2,0,1
2228,4,8,1
2229,1,5,0
2230,1,2,0
2231,3,1,1
2236,3,3,1
2237,4,0,0
2238,1,2,0
2239,3,1,1
2240,3,0,1
2241,1,2,0
2242,3,1,0
2243,3,0,1
2245,3,8,1
2246,1,5,0
2248,3,4,1
2250,4,0,1
2252,4,1,1
2253,4,0,1
2256,4,5,1
2257,3,5,1
2258,3,2,1
2262,3,0,1
2264,4,7,0
2265,1,4,0
2266,1,1,0
2267,4,0,0
2270,1,0,0
2272,3,1,1
2273,4,0,1
2274,1,5,0
2275,1,2,0
2276,4,1,1
2277,2,0,0
2278,1,8,0
2279,4,5,1
2281,1,2,0
2282,1,1,0
2283,1,0,0
2285,3,1,1
2286,1,0,1
2288,3,4,0
2289,1,1,0
2290,4,0,1
2292,3,0,0
2294,1,7,1
2295,4,6,1
2296,1,3,0
2297,4,0,0
2300,4,4,1
2301,1,3,1
2302,2,0,1
2304,4,6,1
2305,1,3,0
2306,2,0,0
2308,4,5,1
2309,1,4,0
2310,3,1,0
2312,3,0,0
2314,1,1,0
2315,4,0,0
2317,2,0,0
2322,4,2,1
2323,3,1,0
2324,2,0,1
2327,3,5,0
2328,1,2,0
2329,4,1,1
2330,3,0,1
2332,4,0,0
2334,1,0,1
2336,3,0,1
2338,4,0,1
2340,3,1,1
2341,3,0,0
2343,2,4,0
2344,4,3,0
2345,3,0,0
2348,4,0,1
2350,4,7,1
2351,4,4,1
2352,3,1,0
2353,1,0,1
2355,4,0,0
2357,4,1,0
2358,4,0,0
2359,1,10,0
2360,1,9,1
2361,3,6,0
2362,1,3,0
2363,3,0,0
2365,1,4,0
2366,4,3,1
2367,4,0,0
2368,1,11,0
2370,3,11,1
2371,3,10,1
2372,1,7,0
2373,3,4,1
2374,4,1,1
2375,3,0,1
2376,3,2,1
2377,1,1,0
2378,3,0,1
2381,4,10,1
2382,3,7,1
2383,4,4,0
2384,1,1,0
2385,4,0,1
2387,1,2,0
2388,1,1,0
2389,1,0,0
2391,3,1,1
2392,3,0,0
2395,3,0,0
2397,4,10,0
2398,3,7,0
2399,1,4,0
2400,4,3,0
2401,3,0,0
2402,4,5,1
2403,1,2,0
2404,4,1,1
2407,1,8,0
2409,4,7,1
2410,3,4,0
2411,4,3,1
2412,4,0,0
2414,3,8,0
2415,3,5,1
2416,1,2,0
2418,3,0,1
2419,3,1,1
2420,4,0,1
2422,1,11,0
2423,1,8,0
2424,4,7,1
2425,2,4,0
2426,1,1,0
2430,1,4,0
2431,3,1,1
2432,1,0,1
2434,4,4,1
2435,1,1,0
2436,4,0,1
2438,1,7,1
2439,1,6,1
2440,4,3,0
2441,2,0,1
2442,3,8,1
2443,4,5,1
2444,3,5,0
2445,1,2,0
2446,3,1,1
2447,1,0,1
2449,1,5,0
2450,3,4,1
2451,4,1,1
2452,2,0,0
2453,3,11,1
2454,1,8,0
2456,4,7,1
2457,4,4,1
2458,3,1,1
2459,4,0,1
2460,3,8,1
2462,3,5,1
2463,1,2,0
2464,3,1,1
2465,2,0,1
